query,disease,context
What is allergic rhinitis ?,allergic rhintis,0
What are the signs and symptoms of allergic rhinitis ?,allergic rhintis,2
What are the complications of allergic rhinitis ?,allergic rhintis,2
What are the nasal symptoms of allergic rhinitis ?,allergic rhintis,2
"What are the ear, eye and throat symptoms of allergic rhinitis ?",allergic rhintis,2
Which lab tests are used in the diagnosis of allergic rhinitis ?,allergic rhintis,1
How are imaging studies used in the diagnosis and evaluation of allergic rhinitis ?,allergic rhintis,1
What are the major treatment strategies for allergic rhinitis ?,allergic rhintis,1
What is the economic burden of allergic rhinitis ?,allergic rhintis,0
What is the pathophysiology of allergic rhinitis ?,allergic rhintis,0
What is the role of immunoglobulin E (IgE) in the pathogenesis of allergic rhinitis ?,allergic rhintis,1
Which mediators are immediately released in the pathogenesis of allergic rhinitis ?,allergic rhintis,2
What are systemic effects of allergic rhinitis ?,allergic rhintis,0
What is the prevalence of allergic rhinitis  in the US?,allergic rhintis,0
What is the global prevalence of allergic rhinitis ?,allergic rhintis,0
What is the mortality and morbidities of allergic rhinitis ?,allergic rhintis,0
What are racial predilections of allergic rhinitis ?,allergic rhintis,2
How does the prevalence of allergic rhinitis  vary by sex?,allergic rhintis,2
How does the prevalence of allergic rhinitis  vary by age?,allergic rhintis,2
What is the focus of history for suspected allergic rhinitis ?,allergic rhintis,0
What are symptoms of allergic rhinitis ?,allergic rhintis,0
At what age is the onset of symptoms for allergic rhinitis  most common?,allergic rhintis,2
What is the significance of a time pattern to symptoms of allergic rhinitis ?,allergic rhintis,0
How is allergic rhinitis  classified?,allergic rhintis,0
What is the significance of congestion in allergic rhinitis ?,allergic rhintis,0
What are possible trigger factors for allergic rhinitis ?,allergic rhintis,2
What are irritant triggers associated with allergic rhinitis ?,allergic rhintis,0
Which perennial allergens may cause chronic allergic rhinitis ?,allergic rhintis,2
What is indicated by response to treatments for allergic rhinitis ?,allergic rhintis,1
Which atopic conditions are associated with allergic rhinitis ?,allergic rhintis,2
What are complications of allergic rhinitis ?,allergic rhintis,2
Why is the risk for developing obstructive sleep apnea (OSA) increased in patients with allergic rhinitis ?,allergic rhintis,1
What is the role of concomitant medical conditions in the diagnosis and treatment allergic rhinitis ?,allergic rhintis,0
Which conditions increase the risk for allergic rhinitis  in children?,allergic rhintis,1
What is the role of family history in the diagnosis of allergic rhinitis ?,allergic rhintis,0
Which environmental exposures should be the focus of history in suspected allergic rhinitis ?,allergic rhintis,0
What is the effect of allergic rhinitis  on quality of life?,allergic rhintis,2
What is the focus of the physical exam for suspected allergic rhinitis ?,allergic rhintis,0
What are the facial features characteristic of allergic rhinitis ?,allergic rhintis,2
How is the nasal exam of allergic rhinitis  conducted?,allergic rhintis,0
Which nasal exam findings suggest allergic rhinitis ?,allergic rhintis,0
What should be included in the nasal exam in patients with allergic rhinitis ?,allergic rhintis,0
What is the role of otoscopy in the workup of suspected allergic rhinitis ?,allergic rhintis,1
What are ocular exam findings characteristic of allergic rhinitis ?,allergic rhintis,0
Which physical findings in the throat are characteristic of allergic rhinitis ?,allergic rhintis,2
What is the focus of the neck exam in suspected allergic rhinitis ?,allergic rhintis,2
What is the focus in the respiratory exam in suspected allergic rhinitis ?,allergic rhintis,2
What is the focus of the dermatologic exam in suspected allergic rhinitis ?,allergic rhintis,2
Which systemic diseases should be considered in the physical exam for suspected allergic rhinitis ?,allergic rhintis,0
What are the causes of allergic rhinitis ?,allergic rhintis,2
What is the cause of seasonal allergic rhinitis ?,allergic rhintis,2
What are common tree pollens that cause allergic rhinitis ?,allergic rhintis,0
What are common grass pollens that cause allergic rhinitis ?,allergic rhintis,0
What are some common weed pollens that cause allergic rhinitis ?,allergic rhintis,0
How do atmospheric conditions affect the dispersion of mold that cause allergic rhinitis ?,allergic rhintis,0
What is the cause of perennial allergic rhinitis ?,allergic rhintis,0
Which house dust mite species commonly cause allergic rhinitis ?,allergic rhintis,0
Which pets are most likely to cause perennial allergic rhinitis ?,allergic rhintis,0
Which insect is a common cause of perennial allergic rhinitis ?,allergic rhintis,0
Which pest infestation can cause allergic rhinitis ?,allergic rhintis,0
What causes sporadic allergic rhinitis ?,allergic rhintis,0
What is occupational allergic rhinitis ?,allergic rhintis,0
Which conditions should be included in the differential diagnoses for allergic rhinitis ?,allergic rhintis,1
What are the differential diagnoses for Allergic Rhinitis?,allergic rhintis,1
What is the role of allergy testing in the diagnosis of allergic rhinitis ?,allergic rhintis,1
How are allergy skin tests used to diagnose allergic rhinitis ?,allergic rhintis,1
How is an allergy skin test performed in the diagnosis of allergic rhinitis ?,allergic rhintis,1
How are in vitro allergy tests used to diagnose allergic rhinitis ?,allergic rhintis,1
What is the basis for selecting allergens to test for in the diagnosis of allergic rhinitis ?,allergic rhintis,1
What is the role of immunoglobulin E (IgE) measurement in the diagnosis of allergic rhinitis ?,allergic rhintis,1
What is the role of blood eosinophil count in the diagnosis of allergic rhinitis ?,allergic rhintis,0
What is the role of radiography in the diagnosis of allergic rhinitis ?,allergic rhintis,1
What is the role of CT scanning in the diagnosis of allergic rhinitis ?,allergic rhintis,1
What is the role of MRI in the diagnosis of allergic rhinitis ?,allergic rhintis,1
What is the role of nasal cytology in the diagnosis of allergic rhinitis ?,allergic rhintis,1
What is the role of upper airway endoscopy (rhinolaryngoscopy) in the diagnosis of allergic rhinitis ?,allergic rhintis,1
What is the role of nasal provocation (allergen challenge) testing in the diagnosis of allergic rhinitis ?,allergic rhintis,1
What are the treatment options for allergic rhinitis ?,allergic rhintis,1
How and when is environmental control and allergen avoidance used in the treatment of allergic rhinitis ?,allergic rhintis,0
What are the environmental control measures for outdoor allergens that cause allergic rhinitis ?,allergic rhintis,0
What are the environmental control measures for indoor allergens that cause allergic rhinitis ?,allergic rhintis,0
What are the environmental control measures for indoor mold that cause allergic rhinitis ?,allergic rhintis,0
What are the indoor environmental control measures for animals that cause allergic rhinitis ?,allergic rhintis,0
What is the best environmental control measure for occupational allergic rhinitis ?,allergic rhintis,0
What are possible nonspecific triggers for allergic rhinitis ?,allergic rhintis,0
What is the role of pharmacotherapies in the treatment of allergic rhinitis ?,allergic rhintis,1
What is the role of immunotherapy in the treatment of allergic rhinitis ?,allergic rhintis,1
What is the role of sublingual immunotherapy (SLIT) in the treatment of allergic rhinitis ?,allergic rhintis,1
Which sublingual (SL) tablet has been approved by the FDA for the treatment of allergic rhinitis  caused by grass pollens?,allergic rhintis,1
How should the Oralair SL tablet be administered for the treatment of allergic rhinitis ?,allergic rhintis,1
What is the role of Grastek in the treatment of allergic rhinitis ?,allergic rhintis,1
What is the role of Ragwitek in the treatment of allergic rhinitis ?,allergic rhintis,1
What is the role of Odactra in the treatment of allergic rhinitis ?,allergic rhintis,1
How is Odactra administered for the treatment of allergic rhinitis ?,allergic rhintis,1
What is the efficacy of Odactra in the treatment of allergic rhinitis ?,allergic rhintis,1
What are the limitations of sublingual immunotherapy (SLIT) in the treatment of allergic rhinitis ?,allergic rhintis,0
When is surgical care for allergic rhinitis  indicated?,allergic rhintis,0
What is the role of turbinoplasty in the treatment of allergic rhinitis ?,allergic rhintis,1
When should specialist consultation be considered for the treatment of allergic rhinitis ?,allergic rhintis,1
What are the Joint Task Force on Practice Parameters (JTFPP) treatment guidelines for seasonal allergic rhinitis (SAR) in adolescents and adults?,allergic rhintis,1
What key recommendations are included in the AAOH-NSF treatment guidelines for allergic rhinitis ?,allergic rhintis,1
Which medications are used in the treatment of allergic rhinitis ?,allergic rhintis,1
Which medications in the drug class Second-generation antihistamines are used in the treatment of Allergic Rhinitis?,allergic rhintis,1
Which medications in the drug class Leukotriene receptor antagonists are used in the treatment of Allergic Rhinitis?,allergic rhintis,1
Which medications in the drug class First-generation antihistamines are used in the treatment of Allergic Rhinitis?,allergic rhintis,1
Which medications in the drug class Decongestants are used in the treatment of Allergic Rhinitis?,allergic rhintis,1
Which medications in the drug class Nasal corticosteroids are used in the treatment of Allergic Rhinitis?,allergic rhintis,1
Which medications in the drug class Nasal corticosteroids and antihistamine combinations are used in the treatment of Allergic Rhinitis?,allergic rhintis,1
"Which medications in the drug class Antihistamines, Intranasal are used in the treatment of Allergic Rhinitis?",allergic rhintis,1
Which medications in the drug class Mast Cell Stabilizers are used in the treatment of Allergic Rhinitis?,allergic rhintis,1
Which medications in the drug class Intranasal anticholinergic agents are used in the treatment of Allergic Rhinitis?,allergic rhintis,1
Which medications in the drug class Allergen Immunotherapy are used in the treatment of Allergic Rhinitis?,allergic rhintis,1
What are food allergies?,food alergies,
What are the signs and symptoms of food allergy-induced anaphylaxis?,food alergies,
What should be included in the medical history for food allergies?,food alergies,
What is the role of the physical exam findings in the evaluation of food allergies?,food alergies,
Which lab tests may be helpful in the diagnosis of food allergies?,food alergies,
How is skin testing performed in the diagnosis of food allergies?,food alergies,
Which diet-related measures are used in the workup of food allergies?,food alergies,
How are food allergies treated?,food alergies,
What are the medications used in the emergency treatment of food allergies?,food alergies,
What are food allergies?,food alergies,
What is the pathophysiology of nonâ€“IgE-mediated GI food allergies?,food alergies,
What are the clinical manifestations of food allergies?,food alergies,
What is the role of food allergies in the pathogenesis of atopic dermatitis?,food alergies,
What is the role of food allergies in the pathogenesis of celiac disease?,food alergies,
What is the role of food allergies in the pathogenesis of dermatitis herpetiformis?,food alergies,
What is the pathophysiology of IgE-mediated GI food allergies?,food alergies,
What is the pathophysiology of pollen-food allergy syndrome (oral allergy syndrome)?,food alergies,
What is the pathophysiology of mixed IgE/non-IgE GI food allergies?,food alergies,
What are the upper and lower respiratory tract reactions to food allergies?,food alergies,
What is the role of food allergies in the pathophysiology of asthma?,food alergies,
What is the role of food allergies in the pathophysiology of food-induced pulmonary hemosiderosis (Heiner syndrome)?,food alergies,
What is the role of IgE antibody-mediated responses in the pathogenesis of food allergies?,food alergies,
What causes food allergies?,food alergies,
What is the role of cell-mediated responses in the pathogenesis of food allergies?,food alergies,
What are the physiologic characteristics of food allergens?,food alergies,
What are risk factors for anaphylaxis from food allergies?,food alergies,
What is the prevalence of food allergies?,food alergies,
Which patient groups have the highest prevalence of food allergies?,food alergies,
Which food allergies are most prevalent in children?,food alergies,
What is the prognosis of food allergies?,food alergies,
What is the risk for mortality from food allergies?,food alergies,
What is included in patient education about food allergies?,food alergies,
What are the signs and symptoms of food-induced anaphylaxis?,food alergies,
What is included in the medical history for food allergies?,food alergies,
What is the role of the physical exam findings in the evaluation of food allergies?,food alergies,
Which conditions should be included in the differential diagnoses of food allergies?,food alergies,
What are the differential diagnoses for Food Allergies?,food alergies,
How are food allergies diagnosed?,food alergies,
What is the role of serum studies in the workup of food allergies?,food alergies,
What is the role of a diet diary in the workup of food allergies?,food alergies,
What is the role of an elimination diet in the workup of food allergies?,food alergies,
What is the role of skin testing in the workup of food allergies?,food alergies,
What is the role of an oral food challenge in the diagnosis of food allergies?,food alergies,
How is an open food challenge performed in the workup of food allergies?,food alergies,
How is a single-blind food challenge performed in the workup of food allergies?,food alergies,
"How is a double-blind, placebo-controlled food challenge performed in the workup of food allergies?",food alergies,
What is the role of intradermal skin testing in the workup of food allergies?,food alergies,
What is the role of patch tests in the workup of food allergies?,food alergies,
What is the role of peripheral serum measurements of eosinophils or total IgE concentrations in the diagnosis of food allergies?,food alergies,
What is the role of basophil histamine-release assays in the diagnosis of food allergies?,food alergies,
Which tests are not evidenced-based for the diagnosis of food allergies?,food alergies,
How are food allergies treated?,food alergies,
Which dietary modifications are used in the treatment of food allergies?,food alergies,
What is the role of an emergency plan in the treatment of food allergies?,food alergies,
What is the drug of choice for emergent treatment of food allergies?,food alergies,
Which specialist consultations are beneficial to patients with food allergies?,food alergies,
How are food allergies prevented?,food alergies,
Which therapeutics are under investigation for the treatment of food allergies?,food alergies,
Which medications are used in the treatment of food allergies?,food alergies,
Which medications in the drug class Alpha/Beta Adrenergic Agonists are used in the treatment of Food Allergies?,food alergies,
Which medications in the drug class Antihistamines are used in the treatment of Food Allergies?,food alergies,
What is allergic conjunctivitis?,conjunctivitis,
How is allergic conjunctivitis diagnosed?,conjunctivitis,
Where can more information be found on allergic conjunctivitis?,conjunctivitis,
What are type I hypersensitivity reactions in allergic conjunctivitis?,conjunctivitis,
What are type III hypersensitivity reactions in allergic conjunctivitis?,conjunctivitis,
What are type IV hypersensitivity reactions in allergic conjunctivitis?,conjunctivitis,
What are the subcategories of allergic conjunctivitis?,conjunctivitis,
How are complications of allergic conjunctivitis prevented?,conjunctivitis,
What is the prognosis of allergic conjunctivitis?,conjunctivitis,
What is included in the patient education information for allergic conjunctivitis?,conjunctivitis,
Which antigens may trigger allergic conjunctivitis?,conjunctivitis,
What are the symptoms of seasonal allergic conjunctivitis (SAC)?,conjunctivitis,
What are the symptoms of perennial allergic conjunctivitis (PAC)?,conjunctivitis,
What is the pathogenesis of vernal keratoconjunctivitis (VKC)?,conjunctivitis,
What is the pathogenesis of atopic keratoconjunctivitis (AKC)?,conjunctivitis,
What is the pathogenesis of giant papillary conjunctivitis (GPC)?,conjunctivitis,
What is the prevalence of allergic conjunctivitis?,conjunctivitis,
How does the prevalence of allergic conjunctivitis vary by sex?,conjunctivitis,
What is the prognosis of allergic conjunctivitis?,conjunctivitis,
How is allergic conjunctivitis diagnosed?,conjunctivitis,
What are the signs and symptoms of vernal keratoconjunctivitis (VKC)?,conjunctivitis,
What are the signs and symptoms of atopic keratoconjunctivitis (AKC)?,conjunctivitis,
What are the signs and symptoms of giant papillary conjunctivitis (GPC)?,conjunctivitis,
What are the classic physical findings of allergic conjunctivitis?,conjunctivitis,
What are the physical findings characteristic of vernal keratoconjunctivitis (VKC)?,conjunctivitis,
What are the physical findings characteristic of the limbal form of vernal keratoconjunctivitis (VKC)?,conjunctivitis,
Which physical findings of the cornea are characteristic of vernal keratoconjunctivitis (VKC)?,conjunctivitis,
What is vernal pseudogerontoxon in allergic conjunctivitis?,conjunctivitis,
Which physical findings are characteristic of atopic keratoconjunctivitis (AKC)?,conjunctivitis,
Which physical findings are characteristic of giant papillary conjunctivitis (GPC)?,conjunctivitis,
How is allergic conjunctivitis differentiated from viral and bacterial conjunctivitis?,conjunctivitis,
How are the subtypes of allergic conjunctivitis differentiated?,conjunctivitis,
What are the differential diagnoses for Allergic Conjunctivitis?,conjunctivitis,
What is the role of conjunctival scrapings in the diagnosis of allergic conjunctivitis?,conjunctivitis,
What does the absence of eosinophils in superficial conjunctival scrapings suggest in the workup of allergic conjunctivitis?,conjunctivitis,
What is the importance of tear level measurement in the diagnosis of allergic conjunctivitis?,conjunctivitis,
How are conjunctival scrapings used to differentiate subtypes of allergic conjunctivitis?,conjunctivitis,
What is the role of advanced point-of-service testing in the diagnosis of allergic conjunctivitis?,conjunctivitis,
Which histologic findings are characteristic of vernal keratoconjunctivitis (VKC)?,conjunctivitis,
Which histologic findings are characteristic of atopic keratoconjunctivitis (AKC)?,conjunctivitis,
Which histologic findings are characteristic of giant papillary conjunctivitis (GPC)?,conjunctivitis,
What is the primary behavioral modification used in the treatment of all types of allergic conjunctivitis?,conjunctivitis,
Which medications are used in the treatment of allergic conjunctivitis?,conjunctivitis,
Where can more information be found regarding the treatment approaches for allergic conjunctivitis?,conjunctivitis,
What is the role of medications in the treatment of allergic conjunctivitis?,conjunctivitis,
What is the role of artificial tears in the treatment of allergic conjunctivitis?,conjunctivitis,
What is the role of antihistamines in the treatment of allergic conjunctivitis?,conjunctivitis,
What is the role of vasoconstrictors in the treatment of allergic conjunctivitis?,conjunctivitis,
What is the role of mast cell stabilizers used in the treatment of allergic conjunctivitis?,conjunctivitis,
What is the role of NSAIDs in the treatment of allergic conjunctivitis?,conjunctivitis,
What is the role of corticosteroids in the treatment of allergic conjunctivitis?,conjunctivitis,
What are the possible adverse effects of corticosteroids in the treatment of allergic conjunctivitis?,conjunctivitis,
What are the different forms of corticosteroids used in the treatment of allergic conjunctivitis?,conjunctivitis,
What is the role of loteprednol etabonate in the treatment of allergic conjunctivitis?,conjunctivitis,
What is the role of immunotherapy in the treatment of allergic conjunctivitis?,conjunctivitis,
Which medications are used in the treatment of vernal keratoconjunctivitis (VKC)?,conjunctivitis,
What are the treatment options for vernal keratoconjunctivitis (VKC)?,conjunctivitis,
When is a pulsed-therapy steroid regimen indicated in the treatment of allergic conjunctivitis?,conjunctivitis,
What is the role of topical cyclosporine in the treatment of allergic conjunctivitis?,conjunctivitis,
Which steroid-sparing regimens are used in the treatment of allergic conjunctivitis?,conjunctivitis,
When is surgery indicated in the treatment of allergic conjunctivitis?,conjunctivitis,
What are the treatment options for atopic keratoconjunctivitis (AKC)?,conjunctivitis,
Which medications are used in the treatment of atopic keratoconjunctivitis (AKC)?,conjunctivitis,
What is the role of systemic cyclosporine in the treatment of atopic keratoconjunctivitis (AKC)?,conjunctivitis,
How is herpes simplex virus (HSV) infection managed in patients with atopic keratoconjunctivitis (AKC)?,conjunctivitis,
What is the role of penetrating keratoplasty in the treatment of atopic keratoconjunctivitis (AKC)?,conjunctivitis,
What are treatment goals for giant papillary conjunctivitis (GPC)?,conjunctivitis,
What is the role of contact lens care in the management of giant papillary conjunctivitis (GPC)?,conjunctivitis,
What is the role of rigid gas-permeable lenses in the treatment of giant papillary conjunctivitis (GPC)?,conjunctivitis,
Which medications are used in the treatment of giant papillary conjunctivitis (GPC)?,conjunctivitis,
How is allergic conjunctivitis prevented?,conjunctivitis,
What is the first-line of treatment for allergic conjunctivitis?,conjunctivitis,
Which environmental modifications are used in the prevention of allergic conjunctivitis?,conjunctivitis,
Which precautions should be taken against eye rubbing for the prevention of allergic conjunctivitis?,conjunctivitis,
Which medications are used in the treatment of allergic conjunctivitis?,conjunctivitis,
Which medications in the drug class Ophthalmic Lubricants are used in the treatment of Allergic Conjunctivitis?,conjunctivitis,
"Which medications in the drug class Decongestants, Ophthalmic are used in the treatment of Allergic Conjunctivitis?",conjunctivitis,
Which medications in the drug class Monoclonal Antibodies are used in the treatment of Allergic Conjunctivitis?,conjunctivitis,
Which medications in the drug class Nonsteroidal Anti-inflammatory Drugs (NSAIDs) are used in the treatment of Allergic Conjunctivitis?,conjunctivitis,
Which medications in the drug class Corticosteroids are used in the treatment of Allergic Conjunctivitis?,conjunctivitis,
Which medications in the drug class Mast Cell Stabilizers are used in the treatment of Allergic Conjunctivitis?,conjunctivitis,
"Which medications in the drug class Antihistamines, Ophthalmic are used in the treatment of Allergic Conjunctivitis?",conjunctivitis,
What is anaphylaxis?,anaphylaxis,
How does the presentation of anaphylaxis vary between children and adults?,anaphylaxis,
What are the signs and symptoms of anaphylaxis?,anaphylaxis,
What is the first priority in the physical exam for anaphylaxis?,anaphylaxis,
Which physical findings are characteristic of anaphylaxis?,anaphylaxis,
What is the role of lab studies in the diagnosis of anaphylaxis?,anaphylaxis,
What is the role of skin testing and in vitro immunoglobulin E (IgE) testing in the diagnosis of anaphylaxis?,anaphylaxis,
How is anaphylaxis managed?,anaphylaxis,
What is included in the supportive care for suspected anaphylaxis?,anaphylaxis,
Which medications are used in the treatment of anaphylaxis?,anaphylaxis,
When is surgery indicated for the treatment of anaphylaxis?,anaphylaxis,
What is the term anaphylaxis derived from?,anaphylaxis,
What is anaphylaxis?,anaphylaxis,
What are the most common organ systems involved in anaphylaxis?,anaphylaxis,
How is anaphylaxis diagnosed?,anaphylaxis,
Which lab tests are performed in the evaluation of anaphylaxis?,anaphylaxis,
Why is immediate recognition of anaphylaxis important?,anaphylaxis,
How is anaphylaxis categorized?,anaphylaxis,
What is the pathophysiology of anaphylaxis?,anaphylaxis,
What are the cardiovascular effects of anaphylaxis?,anaphylaxis,
What are the classic symptoms of anaphylaxis?,anaphylaxis,
Which mediators activate pathways of inflammation in the pathogenesis of anaphylaxis?,anaphylaxis,
What is the role of cytokines in the pathogenesis of anaphylaxis?,anaphylaxis,
What are lipid-derived mediators involved in the pathogenesis of anaphylaxis?,anaphylaxis,
What is the role of histamine in the pathogenesis of anaphylaxis?,anaphylaxis,
What are the cardiac complications of anaphylaxis?,anaphylaxis,
What is the role of calcitonin gene-related peptide (CGRP) in the pathogenesis of anaphylaxis?,anaphylaxis,
What is the physiologic response to hypovolemia in anaphylaxis?,anaphylaxis,
What causes bradycardia in individuals with anaphylaxis?,anaphylaxis,
What is the classic form of anaphylaxis?,anaphylaxis,
Which types of anaphylaxis do not involve immunoglobulin E (IgE)?,anaphylaxis,
Which mediators are released in anaphylaxis?,anaphylaxis,
Which agents are believed to cause direct nonimmunologic release of anaphylaxis mediators from mast cells?,anaphylaxis,
What are the most common inciting agents in anaphylaxis?,anaphylaxis,
What are the common causes of immunoglobulin E (IgE)-mediated anaphylaxis?,anaphylaxis,
What is the prevalence of anaphylaxis caused by hypersensitivity to foods?,anaphylaxis,
Which foods are most likely cause anaphylaxis?,anaphylaxis,
How frequently are foods the cause of anaphylaxis?,anaphylaxis,
What are the guidelines for administration of the influenza vaccine in patients with egg allergies?,anaphylaxis,
Which disorder may mimic anaphylaxis?,anaphylaxis,
Which medications are the most common cause of drug-induced anaphylaxis?,anaphylaxis,
How does penicillin cause anaphylaxis?,anaphylaxis,
What is the prevalence of cephalosporin -caused anaphylaxis in individuals allergic to penicillin?,anaphylaxis,
How does a penicillin allergy increase the risk of anaphylaxis from other drugs?,anaphylaxis,
What are the guidelines for the use of cephalosporins in patients with a history of immunoglobulin E (IgE)-mediated reactions to penicillin?,anaphylaxis,
Which drugs can cause immunoglobulin E (IgE)-mediated anaphylaxis?,anaphylaxis,
What is the mortality rate associated with hymenoptera sting anaphylaxis in the US?,anaphylaxis,
What precautions are needed following the treatment of hymenoptera sting anaphylaxis?,anaphylaxis,
What is the mortality rate of allergen-specific subcutaneous immunotherapy (SCIT) caused anaphylaxis?,anaphylaxis,
What are the risk factors for anaphylaxis due to immunotherapy?,anaphylaxis,
How common are near-fatal reactions (NFRs) to immunotherapy caused anaphylaxis?,anaphylaxis,
How are reactions to aspirin and NSAIDs classified?,anaphylaxis,
What is the initial reactions in aspirin/NSAID anaphylaxis?,anaphylaxis,
What is the mechanism for anaphylaxis after taking aspirin and NSAIDs?,anaphylaxis,
How frequently is anaphylaxis caused by NSAIDs?,anaphylaxis,
How frequently do ACE inhibitors cause anaphylaxis?,anaphylaxis,
What immunologic immunoglobulin E (IgE)-independent reactions cause anaphylaxis?,anaphylaxis,
What is exercise-induced anaphylaxis?,anaphylaxis,
What is the etiological relationship between anaphylaxis and systemic mastocytosis?,anaphylaxis,
"Which agents cause direct, nonimmunologic release of anaphylaxis mediators?",anaphylaxis,
How is an anaphylactoid reaction to radiocontrast agents managed?,anaphylaxis,
Which patients are at an increased risk of an anaphylactoid reaction to radiocontrast agents?,anaphylaxis,
What is the role of shellfish and iodine in the etiology of anaphylactoid reaction to radiocontrast agents?,anaphylaxis,
What is the likelihood of anaphylactoid reaction to radiocontrast agents during GI procedures?,anaphylaxis,
What is idiopathic anaphylaxis?,anaphylaxis,
How does the prevalence of idiopathic anaphylaxis vary by sex?,anaphylaxis,
What is catamenial anaphylaxis?,anaphylaxis,
What is biphasic (recurrent) anaphylaxis?,anaphylaxis,
What is persistent anaphylaxis?,anaphylaxis,
How should patients with biphasic or persistent anaphylaxis be monitored following treatment?,anaphylaxis,
What are the risk factors for anaphylaxis?,anaphylaxis,
How does the interval between exposures affect the risk of anaphylaxis?,anaphylaxis,
Which medications increase the risk of multiple organ system involvement in anaphylaxis?,anaphylaxis,
What is the incidence of anaphylaxis?,anaphylaxis,
What is the prevalence of anaphylaxis?,anaphylaxis,
What is the relative risk for anaphylaxis in the US?,anaphylaxis,
What is the incidence of anaphylaxis in the US?,anaphylaxis,
How do the risk factors for anaphylaxis vary between locations?,anaphylaxis,
What is the global incidence of anaphylaxis?,anaphylaxis,
What are the age predilections of anaphylaxis?,anaphylaxis,
How does the incidence of anaphylaxis vary by sex?,anaphylaxis,
What are the mortality rates for anaphylaxis?,anaphylaxis,
What is the prognosis of anaphylaxis caused by reactions to foods?,anaphylaxis,
What is the prognosis of anaphylaxis caused by conventional radiocontrast media (RCM)?,anaphylaxis,
What are common causes of anaphylaxis in the United Kingdom?,anaphylaxis,
What causes death in anaphylaxis?,anaphylaxis,
How quickly can death occur from anaphylaxis?,anaphylaxis,
What are risk factors for fatal anaphylaxis?,anaphylaxis,
How does posture affect anaphylaxis outcomes?,anaphylaxis,
How likely are multiple episodes of anaphylaxis?,anaphylaxis,
What are the available doses for epinephrine autoinjector for the emergent treatment of anaphylaxis?,anaphylaxis,
What is the role of avoidance education in the prevention of food-related anaphylaxis?,anaphylaxis,
What should be given to patients with sensitivity to multiple antibiotics to prevent anaphylaxis?,anaphylaxis,
What should be included in anaphylaxis avoidance education for patients with hypersensitive to insect stings?,anaphylaxis,
What is included in anaphylaxis education for patients sensitive to Hymenoptera?,anaphylaxis,
What are the treatment guidelines for insect sting sensitivity?,anaphylaxis,
What is included in the patient information for epinephrine autoinjector in the treatment of anaphylaxis?,anaphylaxis,
What emergency medical information should patients receive about anaphylaxis?,anaphylaxis,
What is the role of placebo syringes in the patient education of anaphylaxis?,anaphylaxis,
What is anaphylaxis?,anaphylaxis,
What are the signs and symptoms of anaphylaxis?,anaphylaxis,
What are the upper respiratory tract symptoms of anaphylaxis?,anaphylaxis,
What is the progression of symptoms in anaphylaxis?,anaphylaxis,
What is the onset of symptoms of anaphylaxis following exposure to trigger?,anaphylaxis,
How is the causative agent identified in anaphylaxis?,anaphylaxis,
What is the first priority in the physical exam of anaphylaxis?,anaphylaxis,
What are the general appearance and vital signs characteristic of anaphylaxis?,anaphylaxis,
What are the respiratory findings characteristic of anaphylaxis?,anaphylaxis,
What are the cardiovascular findings characteristic of anaphylaxis?,anaphylaxis,
What are the cognitive findings characteristic of anaphylaxis?,anaphylaxis,
What is the classic cutaneous presentation of anaphylaxis?,anaphylaxis,
What are the cutaneous findings characteristic of anaphylaxis?,anaphylaxis,
What are the GI findings characteristic of anaphylaxis?,anaphylaxis,
What are the possible complications of anaphylaxis?,anaphylaxis,
What are the clinical criteria used to diagnosis anaphylaxis?,anaphylaxis,
What is the risk of a delayed diagnosis of anaphylaxis?,anaphylaxis,
Which conditions should be included in the differential diagnoses of anaphylaxis?,anaphylaxis,
What are the differential diagnoses for Anaphylaxis?,anaphylaxis,
How is anaphylaxis diagnosed?,anaphylaxis,
When are lab studies performed for the diagnosis of anaphylaxis?,anaphylaxis,
What is the role of histamine measurement in the diagnosis of anaphylaxis?,anaphylaxis,
What is the role of serum mature tryptase measurement in the diagnosis of anaphylaxis?,anaphylaxis,
What is the significance of baseline levels of total tryptase in the evaluation of anaphylaxis?,anaphylaxis,
What is the correlation between histamine and tryptase levels in anaphylaxis?,anaphylaxis,
What are useful biomarkers for the detection of anaphylaxis?,anaphylaxis,
When is the measurement of 5-Hydroxyindoleacetic acid levels indicated in the evaluation of anaphylaxis?,anaphylaxis,
When is skin testing for food allergens indicated in the evaluation of anaphylaxis?,anaphylaxis,
What is the role of penicillin skin testing in the evaluation of anaphylaxis?,anaphylaxis,
When skin testing for Hymenoptera venom sensitivity indicated in the evaluation of anaphylaxis?,anaphylaxis,
What are the challenges in testing for suspected insect bite or sting causing anaphylaxis?,anaphylaxis,
What is the role of skin testing and/or in vitro immunoglobulin E (IgE) tests in the evaluation of anaphylaxis?,anaphylaxis,
What is the negative predictive value of food allergen skin testing in the evaluation of anaphylaxis?,anaphylaxis,
What is the role of a controlled food challenge of in the evaluation of anaphylaxis?,anaphylaxis,
"In the NIAID treatment guidelines for food allergies, which tests are not recommended for the diagnosis of anaphylaxis?",anaphylaxis,
What is the role of intradermal skin testing and IgG RAST tests in the diagnosis of anaphylaxis?,anaphylaxis,
What actions should be taken once the results of a penicillin skin are known?,anaphylaxis,
Which medications should be considered for skin testing in the evaluation of anaphylaxis?,anaphylaxis,
When should skin testing and in vitro immunoglobulin E (IgE) tests be performed for the diagnosis of anaphylaxis?,anaphylaxis,
Which tests are performed to diagnose immunoglobulin E (IgE)-independent reactions causing anaphylaxis?,anaphylaxis,
What are the treatment approaches for anaphylaxis?,anaphylaxis,
What should be included in prehospital treatment of severe anaphylaxis?,anaphylaxis,
When is hospitalization indicated in the treatment of anaphylaxis?,anaphylaxis,
Where can guidelines for the diagnosis and management of anaphylaxis be found?,anaphylaxis,
What are the guidelines for initial treatment of anaphylaxis in the emergency department (ED)?,anaphylaxis,
What is included in the initial assessment of anaphylaxis?,anaphylaxis,
How is the airway maintained in patients with anaphylaxis?,anaphylaxis,
What is the role of standard rapid sequence induction (RSI) techniques in the treatment of anaphylaxis?,anaphylaxis,
What is the role of cricothyrotomy or catheter jet ventilation in the treatment of anaphylaxis?,anaphylaxis,
How is wheezing or stridor managed in patients with anaphylaxis?,anaphylaxis,
What is the role of corticosteroids in the treatment of anaphylaxis?,anaphylaxis,
How is bradykinin-mediated angioedema managed in patients with anaphylaxis treated?,anaphylaxis,
When is cardiac monitoring indicated in the management of anaphylaxis?,anaphylaxis,
Why is IV access needed in the treatment of anaphylaxis?,anaphylaxis,
What is the role of epinephrine in the treatment of anaphylaxis?,anaphylaxis,
How is epinephrine administered in the treatment of anaphylaxis?,anaphylaxis,
What is the role of antihistamine therapy in the treatment of anaphylaxis?,anaphylaxis,
How are histamine blockers administered for the treatment of anaphylaxis?,anaphylaxis,
What is the immediate effect of corticosteroids on anaphylaxis?,anaphylaxis,
What is the prognosis of anaphylaxis treated with antihistamines and steroids?,anaphylaxis,
Which outpatient medications should be administered following treatment of anaphylaxis?,anaphylaxis,
What is the role of prednisone in the treatment of anaphylaxis?,anaphylaxis,
Which medication regimens are commonly used in the treatment of anaphylaxis?,anaphylaxis,
What is the corticosteroid treatment regimen commonly used in the treatment of anaphylaxis?,anaphylaxis,
What is the histamine 2 (H2)-blocker antihistamine treatment regimen for anaphylaxis?,anaphylaxis,
How is frequent idiopathic anaphylaxis treated?,anaphylaxis,
What is included in antihistamine therapy for anaphylaxis?,anaphylaxis,
Why is it important to maintain a proper blood pressure during treatment of anaphylaxis?,anaphylaxis,
Which intervention should follow epinephrine in the treatment of anaphylaxis?,anaphylaxis,
What are the treatment precautions for patients with preexisting heart disease and anaphylaxis?,anaphylaxis,
What medications are used to manage blood pressure during the treatment of anaphylaxis?,anaphylaxis,
What is the role of glucagon in the treatment of anaphylaxis?,anaphylaxis,
How are GI symptoms managed during the treatment of anaphylaxis?,anaphylaxis,
What is the role of short-term desensitization procedures in the treatment of anaphylaxis?,anaphylaxis,
Which specialist should be consulted for the administration of short-term desensitization protocols in the treatment of anaphylaxis?,anaphylaxis,
What is a typical desensitization protocol for the treatment of anaphylaxis?,anaphylaxis,
What are the limitations to desensitization for the treatment of anaphylaxis?,anaphylaxis,
What is the role of anti-immunoglobulin (IgE) in the treatment of anaphylaxis?,anaphylaxis,
What is the indication for inpatient care of anaphylaxis?,anaphylaxis,
When is treatment of anaphylaxis considered successful?,anaphylaxis,
When is hospital admission indicated for the treatment of anaphylaxis?,anaphylaxis,
When is ICU admission indicated for the treatment of anaphylaxis?,anaphylaxis,
How are persistent bronchospasm managed during the treatment of anaphylaxis?,anaphylaxis,
What is the duration of antihistamine and oral glucocorticoid therapy for the treatment of anaphylaxis?,anaphylaxis,
How is anaphylaxis prevented?,anaphylaxis,
What is the role of anti-immunoglobulin E (IgE) in the prevention of anaphylaxis?,anaphylaxis,
What is the role of premedication regimens in the prevention of anaphylaxis?,anaphylaxis,
What measures should be taken by patients at risk of recurrent anaphylaxis?,anaphylaxis,
What are the options for patients at risk of anaphylaxis caused by radiocontrast media?,anaphylaxis,
What is the efficacy of prophylactic corticosteroids and antihistamines regimens against anaphylaxis caused by radiocontrast media?,anaphylaxis,
What is the prophylaxis regimen against anaphylactic reactions to radiocontrast media?,anaphylaxis,
What are the dietary considerations for patients with anaphylaxis?,anaphylaxis,
Which specialist consultations are needed for the management of anaphylaxis?,anaphylaxis,
What is the most important aspect of outpatient follow-up after treatment of anaphylaxis?,anaphylaxis,
What must be emphasized in the long-term monitoring following treatment of anaphylaxis?,anaphylaxis,
What are the primary drug treatments for acute anaphylaxis?,anaphylaxis,
Which medications in the drug class Vasopressors are used in the treatment of Anaphylaxis?,anaphylaxis,
Which medications in the drug class Positive Inotropic Agents are used in the treatment of Anaphylaxis?,anaphylaxis,
Which medications in the drug class Corticosteroids are used in the treatment of Anaphylaxis?,anaphylaxis,
Which medications in the drug class Bronchodilators are used in the treatment of Anaphylaxis?,anaphylaxis,
Which medications in the drug class H2 Receptor Antagonists are used in the treatment of Anaphylaxis?,anaphylaxis,
Which medications in the drug class Antihistamines are used in the treatment of Anaphylaxis?,anaphylaxis,
Which medications in the drug class Adrenergic Agonists are used in the treatment of Anaphylaxis?,anaphylaxis,
What is the origin of acute respiratory distress syndrome (ARDS)?,ard syndrome,
How is acute respiratory distress syndrome (ARDS) defined?,ard syndrome,
What is the role of diffuse alveolar damage (DAD) in the pathogenesis of acute respiratory distress syndrome (ARDS)?,ard syndrome,
How is early acute respiratory distress syndrome (ARDS) characterized?,ard syndrome,
What are the injuries that result in acute respiratory distress syndrome (ARDS)?,ard syndrome,
What injuries to the alveolar epithelium result in acute respiratory distress syndrome (ARDS)?,ard syndrome,
What are characteristics of type II alveolar cells involved in the pathogenesis of acute respiratory distress syndrome (ARDS)?,ard syndrome,
What is the role of neutrophils in the pathogenesis of acute respiratory distress syndrome (ARDS)?,ard syndrome,
What is the role of the immune system in the pathogenesis of acute respiratory distress syndrome (ARDS)?,ard syndrome,
How does acute respiratory distress syndrome (ARDS) progress following injury to alveoli?,ard syndrome,
How does acute respiratory distress syndrome (ARDS) cause hypoxemia?,ard syndrome,
What is the role of pulmonary hypertension in the pathogenesis of acute respiratory distress syndrome (ARDS)?,ard syndrome,
What factors lead to mortality in acute phase of acute respiratory distress syndrome (ARDS)?,ard syndrome,
What are the common risk factors for acute respiratory distress syndrome (ARDS)?,ard syndrome,
What are the major risk factors for acute respiratory distress syndrome (ARDS)?,ard syndrome,
Which patient groups are at increased risk for the development of acute respiratory distress syndrome (ARDS)?,ard syndrome,
What are the genetic risk factors of acute respiratory distress syndrome (ARDS)?,ard syndrome,
Why is the incidence of acute respiratory distress syndrome (ARDS) difficult to quantify?,ard syndrome,
What is the incidence of acute respiratory distress syndrome (ARDS) in the US?,ard syndrome,
What is the global incidence of acute respiratory distress syndrome (ARDS)?,ard syndrome,
What are the age-related differences in incidence for acute respiratory distress syndrome (ARDS)?,ard syndrome,
How does the incidence of acute respiratory distress syndrome (ARDS) vary by sex?,ard syndrome,
What are the mortality rates for acute respiratory distress syndrome (ARDS)?,ard syndrome,
Which factors increase the mortality risk of acute respiratory distress syndrome (ARDS)?,ard syndrome,
What are the morbidities associated with acute respiratory distress syndrome (ARDS)?,ard syndrome,
What is the effect of acute respiratory distress syndrome (ARDS) on quality of life following recovery?,ard syndrome,
What are some patient education resources for acute respiratory distress syndrome (ARDS)?,ard syndrome,
What are the signs and symptoms of acute respiratory distress syndrome (ARDS)?,ard syndrome,
Which physical findings are characteristic of acute respiratory distress syndrome (ARDS)?,ard syndrome,
Which lung exam findings are characteristic of acute respiratory distress syndrome (ARDS)?,ard syndrome,
What should be the focus of the physical exam in a septic patient with suspected acute respiratory distress syndrome (ARDS)?,ard syndrome,
How is cardiogenic pulmonary edema distinguished from acute respiratory distress syndrome (ARDS)?,ard syndrome,
What complications may occur in mechanically ventilated patients with acute respiratory distress syndrome (ARDS)?,ard syndrome,
When is a tracheostomy indicated in the management of acute respiratory distress syndrome (ARDS)?,ard syndrome,
Which nosocomial infections are patients with acute respiratory distress syndrome (ARDS) at increased risk of contracting?,ard syndrome,
Which secondary infections are common in acute respiratory distress syndrome (ARDS)?,ard syndrome,
Which treatments for acute respiratory distress syndrome (ARDS) may cause muscle weakness and poor functional recovery?,ard syndrome,
How are patients with acute respiratory distress syndrome (ARDS) weaned from mechanical ventilation?,ard syndrome,
Why is renal failure a frequent complication of acute respiratory distress syndrome (ARDS)?,ard syndrome,
What are potential complications of acute respiratory distress syndrome (ARDS)?,ard syndrome,
What are the long-term sequelae of acute respiratory distress syndrome (ARDS)?,ard syndrome,
Which medical conditions should be included in the differential diagnoses of acute respiratory distress syndrome (ARDS)?,ard syndrome,
What are the differential diagnoses for Acute Respiratory Distress Syndrome (ARDS)?,ard syndrome,
How is acute respiratory distress syndrome (ARDS) diagnosed?,ard syndrome,
What is the expected partial pressure of oxygen in the arterial blood (PaO2) in acute respiratory distress syndrome (ARDS)?,ard syndrome,
What is the role of arterial blood gases in the evaluation of acute respiratory distress syndrome (ARDS)?,ard syndrome,
What happens to the partial pressure of carbon dioxide (PCO2) as acute respiratory distress syndrome (ARDS) progresses?,ard syndrome,
How is cardiogenic pulmonary edema differentiated from acute respiratory distress syndrome (ARDS)?,ard syndrome,
Which abnormalities of acute respiratory distress syndrome (ARDS) are related to the underlying etiology?,ard syndrome,
What is the role of radiography in the evaluation of acute respiratory distress syndrome (ARDS)?,ard syndrome,
When are signs of recovery from acute respiratory distress syndrome (ARDS) seen on radiographs?,ard syndrome,
What is the role of CT scanning in the diagnosis of acute respiratory distress syndrome (ARDS)?,ard syndrome,
What is the role of echocardiography in the diagnosis of acute respiratory distress syndrome (ARDS)?,ard syndrome,
What is the role of a blood vessel catheter in the management of acute respiratory distress syndrome (ARDS)?,ard syndrome,
What is the role of pulmonary artery catheters in the diagnosis and management of acute respiratory distress syndrome (ARDS)?,ard syndrome,
What is the role of bronchoscopy in the diagnosis of acute respiratory distress syndrome (ARDS)?,ard syndrome,
Which BAL fluid finding is characteristic of acute respiratory distress syndrome (ARDS)?,ard syndrome,
How is a culture obtained for the diagnosis of acute respiratory distress syndrome (ARDS)?,ard syndrome,
What is the role of cytologic evaluation of the bronchoalveolar lavage (BAL) fluid in the diagnosis of acute respiratory distress syndrome (ARDS)?,ard syndrome,
What are the histologic changes associated with acute respiratory distress syndrome (ARDS)?,ard syndrome,
Which biopsy findings are characteristic of acute respiratory distress syndrome (ARDS)?,ard syndrome,
Which histologic findings are characteristic of the final phase of acute respiratory distress syndrome (ARDS)?,ard syndrome,
What is the role of corticosteroids in the treatment of acute respiratory distress syndrome (ARDS)?,ard syndrome,
What are the pharmacologic therapies used for the treatment of acute respiratory distress syndrome (ARDS)?,ard syndrome,
What is the role of rescue therapies in the treatment of acute respiratory distress syndrome (ARDS)?,ard syndrome,
What is the role of inhaled nitric oxide (NO) in the treatment of acute respiratory distress syndrome (ARDS)?,ard syndrome,
How are the underlying causes of acute respiratory distress syndrome (ARDS) managed?,ard syndrome,
What is the role of mechanical ventilation in the treatment of acute respiratory distress syndrome (ARDS)?,ard syndrome,
Which complications of acute respiratory distress syndrome (ARDS) should be monitored for in the ICU?,ard syndrome,
What is the management required for patients with acute respiratory distress syndrome (ARDS) taking paralyzing agents?,ard syndrome,
What is included in the management of critically ill patients with acute respiratory distress syndrome (ARDS)?,ard syndrome,
How is initial fluid resuscitation distinguished from maintenance fluid therapy in the treatment of acute respiratory distress syndrome (ARDS)?,ard syndrome,
What are the differences in efficacy between fluid-conservative strategies and the fluid-liberal strategies for the treatment of acute respiratory distress syndrome (ARDS)?,ard syndrome,
What are the disadvantages of a fluid-conservative therapy for the treatment of acute respiratory distress syndrome (ARDS)?,ard syndrome,
How is a low-normal intravascular volume maintained during the treatment of acute respiratory distress syndrome (ARDS)?,ard syndrome,
How is a negative fluid balance facilitated in acute respiratory distress syndrome (ARDS)?,ard syndrome,
What is the role of e respiratory pulse pressure variation in the treatment of acute respiratory distress syndrome (ARDS)?,ard syndrome,
What is the role of noninvasive positive-pressure ventilation (NIPPV) in the treatment of acute respiratory distress syndrome (ARDS)?,ard syndrome,
In which patients with acute respiratory distress syndrome (ARDS) has noninvasive ventilation been studied?,ard syndrome,
When is noninvasive positive-pressure ventilation (NIPPV) contraindicated for the treatment of acute respiratory distress syndrome (ARDS)?,ard syndrome,
What are the goals of mechanical ventilation for the treatment of acute respiratory distress syndrome (ARDS)?,ard syndrome,
How is ventilator-associated lung injury prevented during the treatment of acute respiratory distress syndrome (ARDS)?,ard syndrome,
What is the benefit of mechanical ventilation with low tidal volumes for the treatment of acute respiratory distress syndrome (ARDS)?,ard syndrome,
What is the recommended tidal volume for mechanical ventilation in the treatment of patients with acute respiratory distress syndrome (ARDS)?,ard syndrome,
What is the role of PEEP in the treatment of acute respiratory distress syndrome (ARDS) when patients ventilate with lower tidal volumes?,ard syndrome,
When is the use of paralytics indicated for the treatment of acute respiratory distress syndrome (ARDS)?,ard syndrome,
What are the disadvantages to mechanical ventilation in the treatment of acute respiratory distress syndrome (ARDS)?,ard syndrome,
How is hypoxemia treated in acute respiratory distress syndrome (ARDS)?,ard syndrome,
What are the differences between positive end-expiratory pressure (PEEP) and continuous positive airway pressure (CPAP) measures for the treatment of acute respiratory distress syndrome (ARDS)?,ard syndrome,
How is the optimal level of continuous positive airway pressure (CPAP) determined for the treatment of acute respiratory distress syndrome (ARDS)?,ard syndrome,
What is the role of the open lung approach in the treatment of acute respiratory distress syndrome (ARDS)?,ard syndrome,
What are the benefits to higher positive end-expiratory pressure (PEEP) for the treatment of acute respiratory distress syndrome (ARDS)?,ard syndrome,
What is the role of pressure-controlled ventilation (PCV) in the treatment of acute respiratory distress syndrome (ARDS)?,ard syndrome,
What are the benefits of using pressure-controlled ventilation (PCV) to treat acute respiratory distress syndrome (ARDS)?,ard syndrome,
What is the role of high-frequency ventilation (jet or oscillatory) for the treatment of acute respiratory distress syndrome (ARDS)?,ard syndrome,
What are the roles of partial liquid ventilation and airway pressure release ventilation for the treatment of acute respiratory distress syndrome (ARDS)?,ard syndrome,
What is the difference in oxygenation from the supine to the prone position in patients with acute respiratory distress syndrome (ARDS)?,ard syndrome,
What are possible mechanisms for the improvement of prone position oxygenation in acute respiratory distress syndrome (ARDS)?,ard syndrome,
What is the role of a tracheostomy in the treatment of acute respiratory distress syndrome (ARDS)?,ard syndrome,
What are the benefits of using extracorporeal membrane oxygenation (ECMO) in the treatment of acute respiratory distress syndrome (ARDS)?,ard syndrome,
When is the institution of nutritional support recommended for in the treatment of acute respiratory distress syndrome (ARDS)?,ard syndrome,
Which nutritional components have demonstrated improved outcomes in patients with acute respiratory distress syndrome (ARDS)?,ard syndrome,
What is the role of lower-volume trophic enteral feeding in the treatment of acute respiratory distress syndrome (ARDS)?,ard syndrome,
What activity restrictions are used in the treatment of acute respiratory distress syndrome (ARDS)?,ard syndrome,
What are the transfer considerations for patients with acute respiratory distress syndrome (ARDS)?,ard syndrome,
How is acute respiratory distress syndrome (ARDS) prevented?,ard syndrome,
Which specialist consultations are needed for the management of acute respiratory distress syndrome (ARDS)?,ard syndrome,
What is the role of medications in the treatment of acute respiratory distress syndrome (ARDS)?,ard syndrome,
Which medications are used in the treatment of acute respiratory distress syndrome (ARDS)?,ard syndrome,
What are the benefits of methylprednisolone in the treatment of acute respiratory distress syndrome (ARDS)?,ard syndrome,
Which medications in the drug class Corticosteroids are used in the treatment of Acute Respiratory Distress Syndrome (ARDS)?,ard syndrome,
What is pediatric sinusitis?,pediatric sinisitrius,
What is the role of lab testing in the diagnosis of pediatric sinusitis?,pediatric sinisitrius,
Which procedures are performed in the workup of pediatric sinusitis?,pediatric sinisitrius,
What are the indications for antibiotic therapy in the treatment of acute sinusitis?,pediatric sinisitrius,
Which surgical approaches are used in the treatment of pediatric sinusitis?,pediatric sinisitrius,
What is the pathophysiology of pediatric sinusitis?,pediatric sinisitrius,
What is the prevalence of pediatric sinusitis in the US?,pediatric sinisitrius,
What is the global prevalence of pediatric sinusitis?,pediatric sinisitrius,
What is the morbidity associated with pediatric sinusitis?,pediatric sinisitrius,
What is the racial predilection of pediatric sinusitis?,pediatric sinisitrius,
What is the sexual predilection of pediatric sinusitis?,pediatric sinisitrius,
How does the prevalence of pediatric sinusitis vary by age?,pediatric sinisitrius,
Which conditions are associated with pediatric acute sinusitis?,pediatric sinisitrius,
What is pediatric recurrent acute sinusitis?,pediatric sinisitrius,
What is pediatric subacute sinusitis?,pediatric sinisitrius,
Which clinical history findings are characteristics of pediatric chronic sinusitis?,pediatric sinisitrius,
What is included in the physical exam for pediatric sinusitis?,pediatric sinisitrius,
What is the role of anterior rhinoscopy in the evaluation of pediatric sinusitis?,pediatric sinisitrius,
What is the role of nasal endoscopy in the evaluation of pediatric sinusitis?,pediatric sinisitrius,
How do the clinical features of pediatric chronic sinusitis vary by age?,pediatric sinisitrius,
What are the causes of acute and subacute pediatric sinusitis?,pediatric sinisitrius,
What are the causes of chronic pediatric sinusitis?,pediatric sinisitrius,
What is the role of viral upper respiratory tract infections (URTI) in the etiology of pediatric sinusitis?,pediatric sinisitrius,
What is the role allergic rhinitis in the etiology of pediatric sinusitis?,pediatric sinisitrius,
Which anatomical abnormalities are associated with pediatric sinusitis?,pediatric sinisitrius,
What is the role of immune deficiency in the etiology of pediatric sinusitis?,pediatric sinisitrius,
What is the role of asthma in the etiology of pediatric sinusitis?,pediatric sinisitrius,
What is the role of gastroesophageal reflux disease in the etiology of pediatric sinusitis?,pediatric sinisitrius,
What is the role of nasal and sinus secretions in the etiology of pediatric sinusitis?,pediatric sinisitrius,
What is the role of biofilms in the etiology of pediatric sinusitis?,pediatric sinisitrius,
Which conditions should be included in the differential diagnoses of pediatric sinusitis?,pediatric sinisitrius,
What are the differential diagnoses for Medical Treatment of Pediatric Sinusitis?,pediatric sinisitrius,
What is the role of lab testing in the diagnosis of pediatric sinusitis?,pediatric sinisitrius,
What is the role of CT scanning in the diagnosis of pediatric sinusitis?,pediatric sinisitrius,
What is the role of plain radiography in the diagnosis of pediatric sinusitis?,pediatric sinisitrius,
What is the role of MRI in the diagnosis of pediatric sinusitis?,pediatric sinisitrius,
What is the role of ultrasonography in the diagnosis of pediatric sinusitis?,pediatric sinisitrius,
What is the role of nasal endoscopy in the diagnosis of pediatric sinusitis?,pediatric sinisitrius,
What is the role of maxillary sinus puncture in the diagnosis of pediatric sinusitis?,pediatric sinisitrius,
What is the role of middle meatal swab in the diagnosis of pediatric sinusitis?,pediatric sinisitrius,
Which histologic findings are characteristic of pediatric sinusitis?,pediatric sinisitrius,
What is the role of antibiotics in the treatment of pediatric sinusitis?,pediatric sinisitrius,
What is the role of irrigation in the treatment of pediatric sinusitis?,pediatric sinisitrius,
What is the role of nasal steroids in the treatment of pediatric sinusitis?,pediatric sinisitrius,
What is the role of nasal decongestants in the treatment of pediatric sinusitis?,pediatric sinisitrius,
What is the role of immunotherapy in the treatment of pediatric sinusitis?,pediatric sinisitrius,
How is allergic rhinitis treated in pediatric sinusitis?,pediatric sinisitrius,
How is gastroesophageal reflux treated in pediatric sinusitis?,pediatric sinisitrius,
How is immune deficiency treated in pediatric sinusitis?,pediatric sinisitrius,
How is asthma treated in pediatric sinusitis?,pediatric sinisitrius,
How is cystic fibrosis treated in pediatric sinusitis?,pediatric sinisitrius,
How are immotile cilia syndromes treated in pediatric sinusitis?,pediatric sinisitrius,
How is chronic pediatric sinusitis treated?,pediatric sinisitrius,
What is the role of adenoidectomy in the treatment of pediatric sinusitis?,pediatric sinisitrius,
What is the role of functional endoscopic sinus surgery in the treatment of pediatric sinusitis?,pediatric sinisitrius,
What are the most common forms of surgery for pediatric sinusitis?,pediatric sinisitrius,
What is the role of balloon sinuplasty in the treatment of pediatric sinusitis?,pediatric sinisitrius,
Which specialist consultations are beneficial to patients with pediatric sinusitis?,pediatric sinisitrius,
Which dietary modifications are used in the treatment of pediatric sinusitis?,pediatric sinisitrius,
Which activity modifications are used in the treatment of pediatric sinusitis?,pediatric sinisitrius,
What is the role of medications in the treatment of pediatric sinusitis?,pediatric sinisitrius,
Which medications in the drug class Antibiotics are used in the treatment of Medical Treatment of Pediatric Sinusitis?,pediatric sinisitrius,
Follow-up,pediatric sinisitrius,
What is the role of parents in the treatment of pediatric sinusitis?,pediatric sinisitrius,
When is inpatient care indicated in the treatment of pediatric sinusitis?,pediatric sinisitrius,
When is patient transfer indicated in the treatment of pediatric sinusitis?,pediatric sinisitrius,
How is pediatric sinusitis prevented?,pediatric sinisitrius,
What are the possible complications of pediatric sinusitis?,pediatric sinisitrius,
What is the prognosis of pediatric sinusitis?,pediatric sinisitrius,
What is included in patient education about pediatric sinusitis?,pediatric sinisitrius,